Time Berlin,Update Berlin,Exchange,Symbol,Status,Trade Side,Order Side,Position Side,Order Type,Source,Qty,Order Qty,Limit Price,Avg Price,Quote Volume,Leverage,Margin Mode,TP,SL,Planned Risk $,Planned Reward $,Planned R:R,Risk/Unit,Reward/Unit,Notional $,Est Margin $,Fill Ratio,Entry Slip/Unit $,Entry Slip $,Entry Slip bps,Fee,Realized PnL,Net PnL Est,Order ID,Client OID,Notes
2026-06-04 17:45:56,2026-06-04 17:48:29,Bitget Futures,TQQQUSDT,filled,open,buy,long,limit,api,16.52,16.52,84.57,84.57,1397.0964,4,isolated,87.17,82.15,39.9784,42.952,1.0744,2.42,2.6,1397.0964,349.2741,1.0,,,,-0.27941928,0,-0.27941928,1446456214450499585,oc-tqqq-gptB-4x-20260604-L1,
2026-06-04 17:40:14,2026-06-04 17:40:14,Bitget Futures,TSMUSDT,filled,close,buy,long,market,sys,1.67,1.67,,447.17,746.7771,6,isolated,,,,,,,,746.7771,124.4629,1.0,,,,-0.44806626,25.06484789,24.61678163,1446454783110705153,1446180420413550592,
2026-06-04 11:12:17,2026-06-04 11:12:17,Bitget Futures,NVDAUSDT,filled,close,buy,long,market,sys,11.43,11.43,,212.76,2431.8468,6,isolated,,,,,,,,2431.8468,405.3078,1.0,,,,-1.45910808,-64.36076345,-65.81987153,1446357150933348354,1446063414964121601,
2026-06-04 11:12:17,2026-06-04 11:12:17,Bitget Futures,NVDAUSDT,filled,close,buy,long,market,sys,6.3,6.3,,212.76,1340.388,6,isolated,,,,,,,,1340.388,223.398,1.0,,,,-0.8042328,-35.47443654,-36.27866934,1446357150924959746,1446062760396845057,
2026-06-03 15:41:02,2026-06-03 15:41:02,Bitget Futures,APPUSDT,filled,close,buy,long,market,sys,3.44,3.44,,573.5,1972.8604,12,isolated,,,,,,,,1972.8604,164.405,1.0,,,,-1.18371624,-33.74403246,-34.9277487,1446062394500083714,1445700388180193281,
2026-06-03 15:41:02,2026-06-03 15:41:02,Bitget Futures,APPUSDT,filled,close,buy,long,market,sys,9.99,9.99,,575,5744.3266,12,isolated,,,,,,,,5744.3266,478.6939,1.0,,,,-3.44659596,-82.99266753,-86.43926349,1446062394491695105,1446061117244698625,
2026-06-02 22:48:34,2026-06-04 14:33:41,Bitget Futures,BTCUSDT,canceled,open,sell,short,limit,api,0,0.0558,70675,,0,4,isolated,65088,71750,,,,,,,,,,,,0,0,0.0,1445807600560664577,oc-btc-staticB-4x-20260602-S2,
2026-06-02 22:47:21,2026-06-04 14:33:43,Bitget Futures,BTCUSDT,canceled,open,sell,short,limit,api,0,0.0178,69500,,0,4,isolated,66380,71750,,,,,,,,,,,,0,0,0.0,1445807294179340289,oc-btc-staticB-4x-20260602-S1,
2026-06-02 17:35:51,2026-06-02 17:35:51,Bitget Futures,ARMUSDT,filled,close,buy,long,market,sys,1.66,1.66,,421.76,700.131,4,isolated,,,,,,,,700.131,175.0327,1.0,,,,-0.4200786,52.067,51.6469214,1445728903841345538,1445699821630386176,
2026-06-02 12:55:03,2026-06-02 22:46:20,Bitget Futures,BTCUSDT,canceled,open,sell,short,limit,api,0,0.0285,72400,,0,4,isolated,68000,74500,,,,,,,,,,,,0,0,0.0,1445658236647272449,oc-btc-b-hvoco-4x-20260602-S2,
2026-06-02 12:53:23,2026-06-02 22:46:21,Bitget Futures,BTCUSDT,canceled,open,sell,short,limit,api,0,0.0129,71400,,0,4,isolated,68000,74500,,,,,,,,,,,,0,0,0.0,1445657818781347841,oc-btc-b-hvoco-4x-20260602-S1,
2026-06-02 08:23:54,2026-06-03 15:36:55,Bitget Futures,APPUSDT,filled,open,buy,long,limit,api,9.99,9.99,581.95,581.95,5813.6805,12,isolated,625.57,576.25,56.943,435.7638,7.6526,5.7,43.62,5813.6805,484.4734,1.0,,,,-1.1627361,0,-1.1627361,1445590000320802955,oc-app-revB-12x-20260602-L2,
2026-06-02 08:23:44,2026-06-03 15:31:57,Bitget Futures,APPUSDT,filled,open,buy,long,limit,api,3.44,3.44,587.28,587.28,2020.2432,12,isolated,616.07,576.25,37.9432,99.0376,2.6102,11.03,28.79,2020.2432,168.3536,1.0,,,,-0.40404864,0,-0.40404864,1445589956561629185,oc-app-revB-12x-20260602-L1,
2026-06-02 08:03:18,2026-06-03 15:45:05,Bitget Futures,NVDAUSDT,filled,open,buy,long,limit,api,11.43,11.43,218,218,2491.74,6,isolated,230.8,212.75,60.0075,146.304,2.4381,5.25,12.8,2491.74,415.29,1.0,,,,-0.498348,0,-0.498348,1445584814449782785,oc-nvda-gptB-6x-20260602-L2,
2026-06-02 08:03:06,2026-06-03 15:42:30,Bitget Futures,NVDAUSDT,filled,open,buy,long,limit,api,6.3,6.3,219.1,219.1,1380.33,6,isolated,227.45,212.75,40.005,52.605,1.315,6.35,8.35,1380.33,230.055,1.0,,,,-0.276066,0,-0.276066,1445584767687487491,oc-nvda-gptB-6x-20260602-L1,
2026-06-02 07:45:58,2026-06-04 01:33:29,Bitget Futures,TSMUSDT,filled,open,buy,long,limit,api,3.09,3.09,430.9,430.9,1331.481,6,isolated,449.5,419.6,34.917,57.474,1.646,11.3,18.6,1331.481,221.9135,1.0,,,,-0.2662962,0,-0.2662962,1445580455762620417,oc-tsm-gptB-6x-20260602-L2,
2026-06-02 07:45:50,2026-06-03 23:30:01,Bitget Futures,TSMUSDT,filled,open,buy,long,limit,api,1.67,1.67,434.5,434.5,725.615,6,isolated,449,419.6,24.883,24.215,0.9732,14.9,14.5,725.615,120.9358,1.0,,,,-0.145123,0,-0.145123,1445580419221843969,oc-tsm-gptB-6x-20260602-L1,
2026-06-02 01:25:23,2026-06-02 01:25:23,Bitget Futures,EWYUSDT,filled,close,buy,long,market,sys,19.61,19.61,,217.88,4272.7944,5,isolated,,,,,,,,4272.7944,854.5589,1.0,,,,-2.56367664,196.8559,194.29222336,1445484677916422145,1445102723461525504,
2026-06-01 23:00:07,2026-06-02 18:06:52,Bitget Futures,ARMUSDT,canceled,open,buy,long,limit,api,0,2.5,376.05,,0,4,isolated,421.71,357.8,,,,,,,,,,,,0,0,0.0,1445448121491025921,oc-arm-A-4x-20260601-L2,
2026-06-01 23:00:05,2026-06-02 15:40:17,Bitget Futures,ARMUSDT,filled,open,buy,long,limit,api,1.66,1.66,390.4,390.4,648.064,4,isolated,421.71,357.8,54.116,51.9746,0.9604,32.6,31.31,648.064,162.016,1.0,,,,-0.1296128,0,-0.1296128,1445448113047891969,oc-arm-A-4x-20260601-L1,
2026-06-01 15:44:42,2026-06-01 15:44:42,Bitget Futures,CLUSDT,filled,close,sell,short,market,sys,8.06,8.06,,93.17,750.9463,5,isolated,,,,,,,,750.9463,150.1893,1.0,,,,-0.45056781,-16.9787721,-17.42933991,1445338544191729668,1445102625562275841,
2026-06-01 15:44:42,2026-06-01 15:44:42,Bitget Futures,CLUSDT,filled,close,sell,short,market,sys,25.81,25.81,,93.114,2403.2517,5,isolated,,,,,,,,2403.2517,480.6503,1.0,,,,-1.44195106,-52.91636514,-54.3583162,1445338544187535364,1445330799332171778,
2026-06-01 15:44:42,2026-06-01 15:44:42,Bitget Futures,CLUSDT,filled,close,sell,short,market,sys,15.22,15.22,,93.11,1417.1342,5,isolated,,,,,,,,1417.1342,283.4268,1.0,,,,-0.85028052,-31.15570275,-32.00598327,1445338544179146753,1445249854776258561,
2026-05-31 09:08:01,2026-06-01 01:01:53,Bitget Futures,EWYUSDT,filled,open,buy,long,limit,api,19.61,19.61,207.85,207.85,4075.9385,5,isolated,217.8,202.75,100.011,195.1195,1.951,5.1,9.95,4075.9385,815.1877,1.0,,,,-0.8151877,0,-0.8151877,1444876326824210433,oc-ewy-c1-5x-20260531,
2026-05-30 15:53:21,2026-06-01 15:13:56,Bitget Futures,CLUSDT,filled,open,sell,short,limit,api,25.81,25.81,91.55,91.55,2362.9055,5,isolated,83.05,93.1,40.0055,219.385,5.4839,1.55,8.5,2362.9055,472.5811,1.0,,,,-0.4725811,0,-0.4725811,1444615943257485313,oc-clus-b-voco-5x-20260530-S3,
2026-05-30 15:53:19,2026-06-01 09:52:17,Bitget Futures,CLUSDT,filled,open,sell,short,limit,api,15.22,15.22,90.8,90.8,1381.976,5,isolated,83.4,93.1,35.006,112.628,3.2174,2.3,7.4,1381.976,276.3952,1.0,,,,-0.2763952,0,-0.2763952,1444615936785674241,oc-clus-b-voco-5x-20260530-S2,
2026-05-30 15:53:17,2026-06-01 00:07:15,Bitget Futures,CLUSDT,filled,open,sell,short,limit,api,8.06,8.06,90,90,725.4,5,isolated,86.47,93.1,24.986,28.4518,1.1387,3.1,3.53,725.4,145.08,1.0,,,,-0.14508,0,-0.14508,1444615927931498497,oc-clus-b-voco-5x-20260530-S1,
2026-05-30 14:40:49,2026-05-30 14:40:49,Bitget Futures,CLUSDT,filled,close,sell,short,market,android,5.93,5.93,,88.127,522.5914,4,isolated,,,,,,,,522.5914,130.6479,1.0,,,,-0.31355485,37.91766461,37.60410976,1444597690133016578,1444597690133016579,
2026-05-29 16:59:41,2026-05-31 09:07:20,Bitget Futures,EWYUSDT,canceled,open,buy,long,limit,api,0,8.33,191.2,,0,2,isolated,213.8,186.4,,,,,,,,,,,,0,0,0.0,1444270249703272449,oc-ewy-b-2x-20260529-L3,
2026-05-29 16:59:22,2026-05-31 09:07:21,Bitget Futures,EWYUSDT,canceled,open,buy,long,limit,api,0,3.43,196.6,,0,2,isolated,211.8,186.4,,,,,,,,,,,,0,0,0.0,1444270168824508418,oc-ewy-b-2x-20260529-L2,
2026-05-29 16:59:11,2026-05-31 09:07:21,Bitget Futures,EWYUSDT,canceled,open,buy,long,limit,api,0,1.81,200.2,,0,2,isolated,217.8,186.4,,,,,,,,,,,,0,0,0.0,1444270122024464385,oc-ewy-b-2x-20260529-L1,
2026-05-29 16:11:06,2026-05-29 16:44:43,Bitget Futures,EWYUSDT,canceled,open,buy,long,limit,api,0,8.33,191.2,,0,20,isolated,213.8,186.4,,,,,,,,,,,,0,0,0.0,1444258024024338433,oc-ewy-bc-20260529-B-L3,
2026-05-29 16:09:40,2026-05-29 16:44:44,Bitget Futures,EWYUSDT,canceled,open,buy,long,limit,api,0,3.43,196.6,,0,20,isolated,211.8,186.4,,,,,,,,,,,,0,0,0.0,1444257663477772414,oc-ewy-bc-20260529-B-L2,
2026-05-29 16:07:59,2026-05-29 16:44:48,Bitget Futures,EWYUSDT,canceled,open,buy,long,limit,api,0,1.81,200.2,,0,20,isolated,217.8,186.4,,,,,,,,,,,,0,0,0.0,1444257237747527681,oc-ewy-bc-20260529-B-L1,
2026-05-28 15:42:18,2026-05-28 15:42:18,Bitget Futures,CLUSDT,filled,close,sell,short,market,android,1.48,1.48,,91.406,135.2808,4,isolated,,,,,,,,135.2808,33.8202,1.0,,,,-0.08116852,4.61008884,4.52892032,1443888387847778305,1443888387847778306,
2026-05-28 15:41:23,2026-05-28 15:41:24,Bitget Futures,CLUSDT,filled,close,sell,short,market,android,7.4,7.4,,91.454,676.7593,4,isolated,,,,,,,,676.7593,169.1898,1.0,,,,-0.4060556,22.69550421,22.28944861,1443888159283376128,1443888159283376129,
2026-05-27 14:48:46,2026-05-27 14:48:46,Bitget Futures,CLUSDT,filled,close,sell,short,market,api,4,4,,89.049,356.1926,4,isolated,,,,,,,,356.1926,89.0482,1.0,,,,-0.21371561,21.89100957,21.67729396,1443512526153871361,1442741890945347584,
2026-05-27 14:45:23,2026-05-27 14:45:23,Bitget Futures,CLUSDT,filled,close,sell,short,market,api,1.7,1.7,,88.917,151.1589,4,isolated,,,,,,,,151.1589,37.7897,1.0,,,,-0.09069534,9.52667231,9.43597697,1443511675398025217,1442741889573810176,
2026-05-27 14:22:07,2026-05-27 14:22:07,Bitget Futures,CLUSDT,filled,close,sell,short,market,api,6,6,,88.699,532.194,4,isolated,,,,,,,,532.194,133.0485,1.0,,,,-0.3193164,34.93154936,34.61223296,1443505821705728009,1442741167478267904,
2026-05-27 14:21:24,2026-05-27 14:21:24,Bitget Futures,CLUSDT,filled,close,sell,short,market,api,3.98,3.98,,88.903,353.8319,4,isolated,,,,,,,,353.8319,88.458,1.0,,,,-0.21229914,22.36138107,22.14908193,1443505639530328064,1442741166224171008,
2026-05-26 15:30:13,2026-05-26 15:30:13,Bitget Futures,APPUSDT,filled,close,buy,long,market,sys,2.83,2.83,,520.85,1474.0265,3,isolated,,,,,,,,1474.0265,491.3422,1.0,,,,-0.61909113,125.22229629,124.60320516,1443160571527196673,1441402961399545856,
2026-05-26 15:29:32,2026-05-26 15:29:32,Bitget Futures,APPUSDT,filled,close,buy,long,market,sys,2.01,2.01,,512.53,1030.2002,3,isolated,,,,,,,,1030.2002,343.4001,1.0,,,,-0.43268408,72.21558888,71.7829048,1443160400823218178,1441402448129982465,
2026-05-26 13:01:10,2026-05-26 13:01:10,Bitget Futures,APPUSDT,filled,close,buy,long,market,sys,1.1,1.1,,501.76,551.945,3,isolated,,,,,,,,551.945,183.9817,1.0,,,,-0.2318169,27.67481481,27.44299791,1443123061606477824,1441401860428300288,
2026-05-24 17:24:31,2026-06-01 08:16:31,Bitget Futures,AAPLUSDT,canceled,open,buy,long,limit,android,0,33.33,303.75,,0,6,isolated,313.4,302.55,,,,,,,,,,,,0,0,0.0,1442464561272352769,1442464561284935680,
2026-05-24 17:23:18,2026-06-01 08:16:33,Bitget Futures,AAPLUSDT,canceled,open,buy,long,limit,android,0,8.74,306.55,,0,6,isolated,312.65,302.55,,,,,,,,,,,,0,0,0.0,1442464252072456204,1442464252072456270,
2026-05-24 17:22:20,2026-06-01 08:16:36,Bitget Futures,AAPLUSDT,canceled,open,buy,long,limit,android,0,4.95,307.6,,0,6,isolated,312.4,302.55,,,,,,,,,,,,0,0,0.0,1442464011277463553,1442464011290046464,
2026-05-24 10:45:44,2026-05-24 16:15:04,Bitget Futures,CLUSDT,filled,open,sell,short,limit,api,14.81,14.81,95.1,95.1,1408.431,4,isolated,83.05,97.8,39.987,178.4605,4.463,2.7,12.05,1408.431,352.1078,1.0,,,,-0.2816862,0,-0.2816862,1442364204768718849,tvflow_cl_20260524_optB4x_S3,
2026-05-24 10:45:35,2026-05-24 16:13:34,Bitget Futures,CLUSDT,filled,open,sell,short,limit,api,10,10,94.3,94.3,943,4,isolated,88.7,97.8,35.0,56.0,1.6,3.5,5.6,943.0,235.75,1.0,,,,-0.1886,0,-0.1886,1442364167233892353,tvflow_cl_20260524_optB4x_S2,
2026-05-24 10:42:48,2026-05-24 16:13:07,Bitget Futures,CLUSDT,filled,open,sell,short,limit,api,5.68,5.68,93.4,93.4,530.512,4,isolated,88.98,97.8,24.992,25.1056,1.0045,4.4,4.42,530.512,132.628,1.0,,,,-0.1061024,0,-0.1061024,1442363466399248385,tvflow_cl_20260524_optB4x_S1,
2026-05-21 18:56:40,2026-05-21 19:06:06,Bitget Futures,APPUSDT,filled,open,buy,long,limit,api,2.83,2.83,473.9,473.9,1341.137,3,isolated,522.75,459.8,39.903,138.2455,3.4645,14.1,48.85,1341.137,447.0457,1.0,,,,0,0,0.0,1441400585507729409,tvflow_app_20260521_optB3x_L3,
2026-05-21 18:56:39,2026-05-21 19:04:04,Bitget Futures,APPUSDT,filled,open,buy,long,limit,api,2.01,2.01,477.2,477.2,959.172,3,isolated,514.61,459.8,34.974,75.1941,2.15,17.4,37.41,959.172,319.724,1.0,,,,0,0,0.0,1441400581992902657,tvflow_app_20260521_optB3x_L2,
2026-05-21 18:56:38,2026-05-21 19:01:44,Bitget Futures,APPUSDT,filled,open,buy,long,limit,api,1.1,1.1,482.5,482.5,530.75,3,isolated,503,459.8,24.97,22.55,0.9031,22.7,20.5,530.75,176.9167,1.0,,,,0,0,0.0,1441400578704568321,tvflow_app_20260521_optB3x_L1,
2026-05-21 17:35:40,2026-05-21 17:35:40,Bitget Futures,AAPLUSDT,filled,close,buy,long,market,sys,10.94,10.94,,303.43,3319.6204,10,isolated,,,,,,,,3319.6204,331.962,1.0,,,,-1.39424056,76.41489257,75.02065201,1441380203304218627,1440291401850941440,
2026-05-21 15:33:29,2026-05-21 15:33:29,Bitget Futures,JDUSDT,filled,close,buy,long,market,sys,121.21,121.21,,30.96,3753.7695,7,isolated,,,,,,,,3753.7695,536.2528,1.0,,,,-1.57658319,-105.33253784,-106.90912103,1441349452072382473,1441231679135580161,
2026-05-21 15:33:29,2026-05-21 15:33:29,Bitget Futures,JDUSDT,filled,close,buy,long,market,sys,28.09,28.09,,31.06,872.5595,7,isolated,,,,,,,,872.5595,124.6514,1.0,,,,-0.36647499,-21.77410484,-22.14057983,1441349452072382468,1440806596918636545,
2026-05-21 15:33:29,2026-05-21 15:33:29,Bitget Futures,JDUSDT,filled,close,buy,long,market,sys,55.56,55.56,,31.21,1734.488,7,isolated,,,,,,,,1734.488,247.784,1.0,,,,-0.72848496,-34.43955731,-35.16804227,1441349452059799619,1441220716697124865,
2026-05-20 15:44:47,2026-05-20 15:44:47,Bitget Futures,AAPLUSDT,filled,close,buy,long,market,sys,5.48,5.48,,301.67,1653.1986,10,isolated,,,,,,,,1653.1986,165.3199,1.0,,,,-0.69434341,28.63130742,27.93696401,1440989910134321153,1440269972384247808,
2026-05-19 22:20:51,2026-05-21 07:45:29,Bitget Futures,JDUSDT,filled,open,buy,long,limit,api,121.21,121.21,31.68,31.68,3839.9328,7,isolated,34.1,31.35,39.9993,293.3282,7.3333,0.33,2.42,3839.9328,548.5618,1.0,,,,0,0,0.0,1440727193641185281,tvflow_jd_20260519_long7x_L3,
2026-05-19 22:20:50,2026-05-21 07:01:56,Bitget Futures,JDUSDT,filled,open,buy,long,limit,api,55.56,55.56,31.98,31.98,1776.8088,7,isolated,33.87,31.35,35.0028,105.0084,3.0,0.63,1.89,1776.8088,253.8298,1.0,,,,0,0,0.0,1440727190944247809,tvflow_jd_20260519_long7x_L2,
2026-05-19 22:20:49,2026-05-20 03:36:22,Bitget Futures,JDUSDT,filled,open,buy,long,limit,api,28.09,28.09,32.24,32.24,905.6216,7,isolated,33.35,31.35,25.0001,31.1799,1.2472,0.89,1.11,905.6216,129.3745,1.0,,,,0,0,0.0,1440727188457025537,tvflow_jd_20260519_long7x_L1,
2026-05-19 15:36:02,2026-05-19 15:36:02,Bitget Futures,ARMUSDT,filled,close,buy,long,market,sys,2.48,2.48,,217.93,540.4874,3,isolated,,,,,,,,540.4874,180.1625,1.0,,,,-0.2270047,24.1514,23.9243953,1440625319286042625,1440623901697634304,
2026-05-19 08:00:00,2026-05-19 15:30:24,Bitget Futures,ARMUSDT,filled,open,buy,long,limit,api,2.48,2.48,208.2,208.2,516.336,3,isolated,218.5,198.1,25.048,25.544,1.0198,10.1,10.3,516.336,172.112,1.0,,,,0,0,0.0,1440510554052128769,tvflow_arm_20260519_long3x_L1,
2026-05-18 18:25:53,2026-05-18 18:25:53,Bitget Futures,MRVLUSDT,filled,close,buy,long,market,android,16.75,16.75,,167.22,2801.0697,4,isolated,,,,,,,,2801.0697,700.2674,1.0,,,,-1.17644927,-63.56388778,-64.74033705,1440305675203407873,1440273352015958016,
2026-05-18 18:25:53,2026-05-18 18:25:53,Bitget Futures,MRVLUSDT,filled,close,buy,long,market,sys,10.76,10.76,,167.23,1799.4316,4,isolated,,,,,,,,1799.4316,449.8579,1.0,,,,-0.75576127,-40.77481221,-41.53057348,1440305674746228737,1440276398586458112,
2026-05-18 16:10:51,2026-05-18 16:10:52,Bitget Futures,GOOGLUSDT,filled,close,buy,long,market,android,8.06,8.06,,406.55,3276.793,8,isolated,,,,,,,,3276.793,409.5991,1.0,,,,-1.37625306,100.13155536,98.7553023,1440271696131682305,1440271696131682306,
2026-05-18 16:06:59,2026-05-18 16:06:59,Bitget Futures,GOOGLUSDT,filled,close,buy,long,market,android,3.5,3.5,,406.48,1422.713,8,isolated,,,,,,,,1422.713,177.8391,1.0,,,,-0.59753946,43.26944463,42.67190517,1440270721648062465,1439051754550337536,
2026-05-18 11:13:46,2026-05-18 17:29:10,Bitget Futures,AAPLUSDT,filled,open,buy,long,limit,api,10.94,10.94,296,296,3238.24,10,isolated,303.46,292.8,35.008,81.6124,2.3313,3.2,7.46,3238.24,323.824,1.0,,,,0,0,0.0,1440196928879620099,tvflow_aapl_20260518_optb10x_L2,
2026-05-18 11:13:38,2026-05-18 16:04:45,Bitget Futures,AAPLUSDT,filled,open,buy,long,limit,api,5.48,5.48,297.36,297.36,1629.5328,10,isolated,301.72,292.8,24.9888,23.8928,0.9561,4.56,4.36,1629.5328,162.9533,1.0,,,,0,0,0.0,1440196897959211009,tvflow_aapl_20260518_optb10x_L1,
2026-05-18 09:14:35,2026-05-18 15:57:34,Bitget Futures,MRVLUSDT,filled,open,buy,long,limit,android,8.16,8.16,172.5,172.5,1407.6,4,isolated,182.8,167.3,42.432,84.048,1.9808,5.2,10.3,1407.6,351.9,1.0,,,,0,0,0.0,1440166939132063750,1440166939132063751,
2026-05-18 09:07:20,2026-05-18 16:29:33,Bitget Futures,MRVLUSDT,filled,open,buy,long,limit,api,19.35,19.35,170.4,170.4,3297.24,4,isolated,191.8,167.3,59.985,414.09,6.9032,3.1,21.4,3297.24,824.31,1.0,,,,0,0,0.0,1440165114412691457,tvflow_mrvl_20260518_optb4x_B2,
2026-05-15 22:19:06,2026-05-15 22:19:06,Bitget Futures,GOOGLUSDT,filled,close,buy,long,market,android,11.56,11.56,,396.41,4582.6028,8,isolated,,,,,,,,4582.6028,572.8253,1.0,,,,-1.92469317,26.49779999,24.57310682,1439277205526573059,1439277205526573060,
2026-05-15 19:23:34,2026-05-15 19:23:34,Bitget Futures,AAPLUSDT,filled,close,buy,long,market,sys,15.79,15.79,,302.88,4782.5752,6,isolated,,,,,,,,4782.5752,797.0959,1.0,,,,-2.00868158,123.60120255,121.59252097,1439233031091679233,1439145126346616832,
2026-05-15 16:55:02,2026-05-15 16:55:02,Bitget Futures,AAPLUSDT,filled,close,buy,long,market,sys,7.69,7.69,,301.1,2315.5253,6,isolated,,,,,,,,2315.5253,385.9209,1.0,,,,-0.97252062,46.52529744,45.55277682,1439195648619081729,1438862335448981504,
2026-05-15 15:47:16,2026-05-15 15:47:16,Bitget Futures,NVDAUSDT,filled,close,buy,long,market,sys,7.69,7.69,,224.53,1726.6357,4,isolated,,,,,,,,1726.6357,431.6589,1.0,,,,-0.72518699,-30.81395576,-31.53914275,1439178597527613446,1439110449808285696,
2026-05-15 15:47:16,2026-05-15 15:47:16,Bitget Futures,NVDAUSDT,filled,close,buy,long,market,sys,13.11,13.11,,224.53,2943.5883,4,isolated,,,,,,,,2943.5883,735.8971,1.0,,,,-1.23630708,-52.5319844,-53.76829148,1439178597527613443,1439174686291259393,
2026-05-15 15:47:16,2026-05-15 15:47:16,Bitget Futures,NVDAUSDT,filled,close,buy,long,market,sys,4.27,4.27,,224.53,958.7431,4,isolated,,,,,,,,958.7431,239.6858,1.0,,,,-0.4026721,-17.10995983,-17.51263193,1439178597515030529,1439060801177526273,
2026-05-15 01:07:47,2026-05-15 07:23:15,Bitget Futures,GOOGLUSDT,filled,open,buy,long,limit,android,6.9,6.9,395.6,395.6,2729.64,8,isolated,406.6,389.8,40.02,75.9,1.8966,5.8,11.0,2729.64,341.205,1.0,,,,0,0,0.0,1438957266336903174,1438957266336903175,
2026-05-15 01:06:30,2026-05-15 07:57:32,Bitget Futures,GOOGLUSDT,filled,open,buy,long,limit,android,16.22,16.22,393.5,393.5,6382.57,8,isolated,408.8,389.8,60.014,248.166,4.1351,3.7,15.3,6382.57,797.8212,1.0,,,,0,0,0.0,1438956943417438213,1438956943417438214,
2026-05-15 00:52:28,2026-05-15 01:06:30,Bitget Futures,GOOGLUSDT,canceled,open,buy,long,limit,android,0,21.42,393.5,,0,8,isolated,408.8,390.7,,,,,,,,,,,,0,0,0.0,1438953410366435329,1438953410370629632,
2026-05-15 00:51:05,2026-05-15 01:07:47,Bitget Futures,GOOGLUSDT,canceled,open,buy,long,limit,android,0,8.16,395.6,,0,8,isolated,406.6,390.7,,,,,,,,,,,,0,0,0.0,1438953065221353473,1438953065233936384,
2026-05-15 00:13:41,2026-05-15 15:31:44,Bitget Futures,NVDAUSDT,filled,open,buy,long,limit,api,13.11,13.11,227.6,227.6,2983.836,4,isolated,242,224.55,39.9855,188.784,4.7213,3.05,14.4,2983.836,745.959,1.0,,,,0,0,0.0,1438943650292330497,tvflow_nvda_20260515_repl4x_L3,
2026-05-15 00:13:40,2026-05-15 11:16:40,Bitget Futures,NVDAUSDT,filled,open,buy,long,limit,api,7.69,7.69,229.1,229.1,1761.779,4,isolated,239.8,224.55,34.9895,82.283,2.3516,4.55,10.7,1761.779,440.4447,1.0,,,,0,0,0.0,1438943649151479809,tvflow_nvda_20260515_repl4x_L2,
2026-05-15 00:13:40,2026-05-15 07:59:12,Bitget Futures,NVDAUSDT,filled,open,buy,long,limit,api,4.27,4.27,230.4,230.4,983.808,4,isolated,236.36,224.55,24.9795,25.4492,1.0188,5.85,5.96,983.808,245.952,1.0,,,,0,0,0.0,1438943648014823427,tvflow_nvda_20260515_repl4x_L1,
2026-05-14 02:50:52,2026-05-14 02:50:52,Bitget Futures,NVDAUSDT,filled,close,buy,long,market,sys,3.77,3.77,,229.1,863.707,4,isolated,,,,,,,,863.707,215.9267,1.0,,,,-0.36275694,25.259,24.89624306,1438620821730521090,1438454128540889088,
2026-05-13 23:06:13,2026-05-15 13:34:16,Bitget Futures,AAPLUSDT,filled,open,buy,long,limit,android,15.79,15.79,294.6,294.6,4651.734,6,isolated,303,290.8,60.002,132.636,2.2105,3.8,8.4,4651.734,775.289,1.0,,,,0,0,0.0,1438564283473096705,1438564283477291008,
2026-05-13 23:04:46,2026-05-14 18:50:34,Bitget Futures,AAPLUSDT,filled,open,buy,long,limit,android,7.69,7.69,296,296,2276.24,6,isolated,301.17,290.8,39.988,39.7573,0.9942,5.2,5.17,2276.24,379.3733,1.0,,,,0,0,0.0,1438563920737103873,1438563920745492480,
2026-05-13 14:07:07,2026-05-13 15:48:30,Bitget Futures,NVDAUSDT,filled,open,buy,long,limit,api,3.77,3.77,222.4,222.4,838.448,4,isolated,229.1,215.77,24.9951,25.259,1.0106,6.63,6.7,838.448,209.612,1.0,,,,0,0,0.0,1438428616051027970,tvflow_nvda_20260513_stag4x_L1,
2026-05-13 13:02:28,2026-05-13 13:02:28,Bitget Futures,NVDAUSDT,filled,close,buy,long,market,android,10.4,10.4,,225.36,2343.8062,6,isolated,,,,,,,,2343.8062,390.6344,1.0,,,,-0.9843986,77.49131275,76.50691415,1438412344496123906,1438376588925161472,
2026-05-13 05:30:04,2026-05-13 05:30:04,Bitget Futures,NVDAUSDT,filled,close,buy,long,market,sys,8.17,8.17,,224.78,1836.4526,6,isolated,,,,,,,,1836.4526,306.0754,1.0,,,,-0.77131009,56.08792415,55.31661406,1438298496363556865,1437906666830950400,
2026-05-12 15:40:05,2026-05-12 15:40:05,Bitget Futures,NVDAUSDT,filled,close,buy,long,market,sys,5.73,5.73,,222.38,1274.2453,6,isolated,,,,,,,,1274.2453,212.3742,1.0,,,,-0.53518302,25.59296308,25.05778006,1438089623887310851,1437819485886083072,
2026-05-12 03:39:06,2026-05-12 03:39:06,Bitget Futures,INTCUSDT,filled,close,buy,long,market,sys,27.65,27.65,,123.4,3412.2328,4,isolated,,,,,,,,3412.2328,853.0582,1.0,,,,-1.43313777,-79.49192682,-80.92506459,1437908183593676802,1437739443596292097,
2026-05-12 03:39:06,2026-05-12 03:39:06,Bitget Futures,INTCUSDT,filled,close,buy,long,market,sys,8.28,8.28,,123.46,1022.2597,4,isolated,,,,,,,,1022.2597,255.5649,1.0,,,,-0.42934907,-23.36347317,-23.79282224,1437908183585288193,1437726211477336065,
2026-05-11 18:37:59,2026-05-12 03:40:19,Bitget Futures,NVDAUSDT,filled,open,buy,long,limit,api,10.4,10.4,217.1,217.1,2257.84,6,isolated,225.8,213.8,34.32,90.48,2.6364,3.3,8.7,2257.84,376.3067,1.0,,,,0,0,0.0,1437772007578693633,tvflow_nvda_20260511_rev_6x_L3,
2026-05-11 18:37:59,2026-05-12 03:33:09,Bitget Futures,NVDAUSDT,filled,open,buy,long,limit,api,8.17,8.17,218.1,218.1,1781.877,6,isolated,224.8,213.8,35.131,54.739,1.5581,4.3,6.7,1781.877,296.9795,1.0,,,,0,0,0.0,1437772004864978945,tvflow_nvda_20260511_rev_6x_L2,
2026-05-11 18:37:58,2026-05-11 22:11:52,Bitget Futures,NVDAUSDT,filled,open,buy,long,limit,api,5.73,5.73,219.13,219.13,1255.6149,6,isolated,222.4,213.8,30.5409,18.7371,0.6135,5.33,3.27,1255.6149,209.2691,1.0,,,,0,0,0.0,1437772001941549057,tvflow_nvda_20260511_rev_6x_L1,
2026-05-11 14:40:31,2026-05-11 16:28:35,Bitget Futures,INTCUSDT,filled,open,buy,long,limit,api,27.65,27.65,125.67,125.67,3474.7755,4,isolated,139.5,123.5,60.0005,382.3995,6.3733,2.17,13.83,3474.7755,868.6939,1.0,,,,0,0,0.0,1437712244350283856,tvflow_intc_20260511_v2_4hsl_L2,
2026-05-11 14:40:30,2026-05-11 15:36:01,Bitget Futures,INTCUSDT,filled,open,buy,long,limit,api,8.28,8.28,128.33,128.33,1062.5724,4,isolated,134.8,123.5,39.9924,53.5716,1.3395,4.83,6.47,1062.5724,265.6431,1.0,,,,0,0,0.0,1437712240680267777,tvflow_intc_20260511_v2_4hsl_L1,
2026-05-05 23:07:31,2026-05-07 08:24:20,Bitget Futures,AAPLUSDT,canceled,open,buy,long,limit,android,0,2,280.2,,0,4,isolated,287.5,270.3,,,,,,,,,,,,0,0,0.0,1435665509704691717,1435665509704691718,
2026-05-01 23:35:30,2026-05-01 23:35:30,Bitget Futures,GMEUSDT,filled,close,buy,long,market,android,27.79,27.79,,28.41,789.5508,2,isolated,,,,,,,,789.5508,394.7754,1.0,,,,-0.33161133,103.07158821,102.73997688,1434222999493046273,1433376116627730432,
2026-05-01 23:20:43,2026-05-01 23:20:43,Bitget Futures,GMEUSDT,filled,close,buy,long,market,android,17.54,17.54,,27.17,476.6074,2,isolated,,,,,,,,476.6074,238.3037,1.0,,,,-0.2001751,43.32760961,43.12743451,1434219279514497027,1433376085086564353,
2026-05-01 20:27:51,2026-05-01 20:27:51,Bitget Futures,GMEUSDT,filled,close,buy,long,market,android,13.33,13.33,,26.3,350.6314,2,isolated,,,,,,,,350.6314,175.3157,1.0,,,,-0.14726518,21.34864026,21.20137508,1434175774486327430,1433013848656310273,
2026-05-01 06:18:35,2026-05-01 13:44:54,Bitget Futures,GMEUSDT,filled,close,buy,long,limit,android,58.65,58.65,24.93,24.93,1462.1445,2,isolated,,,,,,,,1462.1445,731.0723,1.0,,,,0,13.34976191,13.34976191,1433962049984688134,1433962049988882432,
2026-04-29 22:02:53,2026-04-29 22:02:53,Bitget Futures,GOOGLUSDT,filled,close,buy,long,market,sys,5.77,5.77,,358.3,2067.3962,4,isolated,,,,,,,,2067.3962,516.8491,1.0,,,,-0.13438075,61.76941151,61.63503076,1433474917071482883,1433376117705666560,
2026-04-29 16:27:12,2026-04-29 16:27:12,Bitget Futures,GOOGLUSDT,filled,close,buy,long,market,sys,4.3,4.3,,353.34,1519.382,4,isolated,,,,,,,,1519.382,379.8455,1.0,,,,-0.09875983,24.72078848,24.62202865,1433390439678504962,1433318102768021504,
2026-04-29 07:55:35,2026-04-29 15:30:17,Bitget Futures,GOOGLUSDT,filled,open,buy,long,limit,api,5.77,5.77,346.4,346.4,1998.728,4,isolated,358.8,341.2,30.004,71.548,2.3846,5.2,12.4,1998.728,499.682,1.0,,,,0,0,0.0,1433261686591746049,tvflow_googl_20260429_L2,
2026-04-29 07:55:34,2026-04-29 11:39:46,Bitget Futures,GOOGLUSDT,filled,open,buy,long,limit,api,4.3,4.3,349.2,349.2,1501.56,4,isolated,353.4,341.2,34.4,18.06,0.525,8.0,4.2,1501.56,375.39,1.0,,,,0,0,0.0,1433261681713770501,tvflow_googl_20260429_L1,
2026-04-27 19:11:25,2026-04-29 15:30:17,Bitget Futures,GMEUSDT,filled,open,buy,long,limit,api,55.57,55.57,24.45,24.45,1358.6865,2,isolated,28.5,23.85,33.342,225.0585,6.75,0.6,4.05,1358.6865,679.3433,1.0,,,,0,0,0.0,1432706991322198018,tvflow-gme-ladder-20260427-l3,
2026-04-27 19:11:25,2026-04-29 15:30:10,Bitget Futures,GMEUSDT,filled,open,buy,long,limit,api,35.08,35.08,24.8,24.8,869.984,2,isolated,27.1,23.85,33.326,80.684,2.4211,0.95,2.3,869.984,434.992,1.0,,,,0,0,0.0,1432706988700758017,tvflow-gme-ladder-20260427-l2,
2026-04-27 19:11:24,2026-04-28 15:30:46,Bitget Futures,GMEUSDT,filled,open,buy,long,limit,api,26.66,26.66,25.1,25.1,669.166,2,isolated,26.35,23.85,33.325,33.325,1.0,1.25,1.25,669.166,334.583,1.0,,,,0,0,0.0,1432706985806688257,tvflow-gme-ladder-20260427-l1,
2026-04-27 13:00:27,2026-04-27 13:00:27,Bitget Futures,GOOGLUSDT,filled,close,buy,long,market,sys,8.28,8.28,,346.66,2870.3935,6,isolated,,,,,,,,2870.3935,478.3989,1.0,,,,-0.18657557,92.46753389,92.28095832,1432613632003960833,1431048082990047232,
2026-04-23 19:41:19,2026-04-23 19:41:19,Bitget Futures,NVDAUSDT,filled,close,buy,long,market,android,2.84,2.84,,198.49,563.7116,3,isolated,,,,,,,,563.7116,187.9039,1.0,,,,-0.03664125,-0.0284,-0.06504125,1431264962725703681,1430422656596791296,
2026-04-23 15:28:33,2026-04-23 15:28:33,Bitget Futures,GOOGLUSDT,filled,close,buy,long,market,sys,8.24,8.24,,341.05,2810.2709,6,isolated,,,,,,,,2810.2709,468.3785,1.0,,,,-0.1826676,45.7648661,45.5821985,1431201352339058688,1431001998179704833,
2026-04-22 23:11:30,2026-04-23 05:19:35,Bitget Futures,GOOGLUSDT,filled,open,buy,long,limit,api,8.28,8.28,334.8,334.8,2772.144,6,isolated,346.8,330.7,33.948,99.36,2.9268,4.1,12.0,2772.144,462.024,1.0,,,,0,0,0.0,1430955469718581249,tvflow-googl-20260422-l2,
2026-04-22 23:11:29,2026-04-23 02:16:23,Bitget Futures,GOOGLUSDT,filled,open,buy,long,limit,api,8.24,8.24,336.2,336.2,2770.288,6,isolated,341.2,330.7,45.32,41.2,0.9091,5.5,5.0,2770.288,461.7147,1.0,,,,0,0,0.0,1430955466837094401,tvflow-googl-20260422-l1,
2026-04-20 11:57:09,2026-04-20 16:51:16,Bitget Futures,NVDAUSDT,filled,open,buy,long,limit,api,2.84,2.84,198.5,198.5,563.74,3,isolated,205,189.7,24.992,18.46,0.7386,8.8,6.5,563.74,187.9133,1.0,,,,0,0,0.0,1430060988492312577,nvda_oco_A_1,
2026-04-15 16:03:19,2026-04-15 16:03:19,Bitget Futures,TSLAUSDT,filled,close,sell,short,market,sys,4.8,4.8,,372.16,1786.368,3,isolated,,,,,,,,1786.368,595.456,1.0,,,,-0.11611392,-21.78140341,-21.89751733,1428311000259129349,1428102805790400513,
2026-04-15 16:03:19,2026-04-15 16:03:19,Bitget Futures,TSLAUSDT,filled,close,sell,short,market,sys,10.25,10.25,,372.16,3814.64,3,isolated,,,,,,,,3814.64,1271.5467,1.0,,,,-0.2479516,-46.51237187,-46.76032347,1428311000259129346,1428113060603633665,
2026-04-15 16:03:19,2026-04-15 16:03:19,Bitget Futures,TSLAUSDT,filled,close,sell,short,market,sys,7.78,7.78,,372.14,2895.2075,3,isolated,,,,,,,,2895.2075,965.0692,1.0,,,,-0.18818848,-35.1067247,-35.29491318,1428311000246546433,1428112506284417025,
2026-04-14 23:22:28,2026-04-15 02:59:22,Bitget Futures,TSLAUSDT,filled,open,sell,short,limit,api,10.25,10.25,368.1,368.1,3773.025,3,isolated,353.3,372,39.975,151.7,3.7949,3.9,14.8,3773.025,1257.675,1.0,,,,0,0,0.0,1428059125202972673,tvflow-1776201747916-d445239d,
2026-04-14 23:22:23,2026-04-15 02:54:35,Bitget Futures,TSLAUSDT,filled,open,sell,short,limit,api,7.78,7.78,367.5,367.5,2859.15,3,isolated,353.3,372,35.01,110.476,3.1556,4.5,14.2,2859.15,953.05,1.0,,,,0,0,0.0,1428059105338748929,tvflow-1776201743149-ddf365fe,
2026-04-14 23:22:18,2026-04-15 02:16:06,Bitget Futures,TSLAUSDT,filled,open,sell,short,limit,api,4.8,4.8,366.8,366.8,1760.64,3,isolated,358.8,372,24.96,38.4,1.5385,5.2,8.0,1760.64,586.88,1.0,,,,0,0,0.0,1428059084069433564,tvflow-1776201738065-1de47964,
